<?xml version="1.0" encoding="UTF-8"?>
<java version="1.8.0_60" class="java.beans.XMLDecoder">
 <object class="fr.licornesduswag.hcode.data.Serializer">
  <void property="piece">
   <object class="fr.licornesduswag.hcode.data.Piece">
    <void property="actes">
     <object class="java.util.ArrayList">
      <void method="add">
       <object class="fr.licornesduswag.hcode.data.Acte">
        <void property="numero">
         <int>1</int>
        </void>
        <void property="scenes">
         <object class="java.util.ArrayList">
          <void method="add">
           <object class="fr.licornesduswag.hcode.data.Scene" id="Scene0">
            <void property="dialogues">
             <object class="java.util.ArrayList">
              <void method="add">
               <object class="fr.licornesduswag.hcode.data.Dialogue" id="Dialogue0">
                <void property="repliques">
                 <void method="add">
                  <object class="fr.licornesduswag.hcode.data.Replique">
                   <void property="contenu">
                    <object class="java.util.ArrayList">
                     <void method="add">
                      <object class="fr.licornesduswag.hcode.data.Texte">
                       <void property="texte">
                        <string>Roméo, oh Roméo !</string>
                       </void>
                      </object>
                     </void>
                    </object>
                   </void>
                  </object>
                 </void>
                </void>
               </object>
              </void>
              <void method="add">
               <object class="fr.licornesduswag.hcode.data.Dialogue" id="Dialogue1">
                <void property="personnages">
                 <object class="java.util.ArrayList" id="ArrayList0">
                  <void method="add">
                   <object class="fr.licornesduswag.hcode.data.Personnage">
                    <void property="nom">
                     <string>sgana</string>
                    </void>
                    <void property="sprite_aventure">
                     <string>SganarelleAventure</string>
                    </void>
                    <void property="sprite_face">
                     <string>SganarelleFace</string>
                    </void>
                   </object>
                  </void>
                  <void method="add">
                   <object class="fr.licornesduswag.hcode.data.Personnage">
                    <void property="nom">
                     <string>martine</string>
                    </void>
                    <void property="sprite_aventure">
                     <string>martineAventure</string>
                    </void>
                    <void property="sprite_face">
                     <string>martineFace</string>
                    </void>
                   </object>
                  </void>
                 </object>
                </void>
                <void property="repliques">
                 <void method="add">
                  <object class="fr.licornesduswag.hcode.data.Replique">
                   <void property="contenu">
                    <object class="java.util.ArrayList">
                     <void method="add">
                      <object class="fr.licornesduswag.hcode.data.Texte">
                       <void property="texte">
                        <string>Non, je te dis que je n’en veux rien faire, et que c’est à moi de parler et d’être le maître.</string>
                       </void>
                      </object>
                     </void>
                    </object>
                   </void>
                   <void property="parleur">
                    <string>sgana</string>
                   </void>
                  </object>
                 </void>
                 <void method="add">
                  <object class="fr.licornesduswag.hcode.data.Replique">
                   <void property="contenu">
                    <object class="java.util.ArrayList">
                     <void method="add">
                      <object class="fr.licornesduswag.hcode.data.Texte">
                       <void property="texte">
                        <string>Et je te dis, moi, que je veux que tu vives à ma fantaisie, et ne je ne me suis point mariée avec toi pour souffrir tes fredaines. </string>
                       </void>
                      </object>
                     </void>
                    </object>
                   </void>
                   <void property="parleur">
                    <string>martine</string>
                   </void>
                  </object>
                 </void>
                </void>
               </object>
              </void>
             </object>
            </void>
            <void property="numero">
             <int>1</int>
            </void>
           </object>
          </void>
          <void method="add">
           <object idref="Scene0"/>
          </void>
         </object>
        </void>
       </object>
      </void>
     </object>
    </void>
    <void property="nom">
     <string>Romeo et Juliette</string>
    </void>
    <void property="personnages">
     <object idref="ArrayList0"/>
    </void>
   </object>
  </void>
 </object>
</java>
